Workbook

Sheet Sheet1
A1: # | B1: Document Number | C1: Numerator | D1: Mobile | E1: Creation Date | F1: Customer/Vendor Code | G1: Customer/Vendor Name | H1: BPChannel | I1: Item Sub Group | J1: Inventory UoM | K1: Quantity | L1: SPC Quantity M2 | M1: Cancel Status
A2: 1 | B2: 583005049 | C2: 35743 | D2: 09131616215 | E2: 2026/08/23 | F2: 20000088 | G2: مرتضی دقاقی | H2: B2W | I2: موکت | J2: مترمربع | K2: 90 | L2: 0 | M2: Delivery
A3: 2 | B3: 583005054 | C3: 35749 | D3: 09177159314 | E3: 2026/08/23 | F3: 20000074 | G3: علیرضا الوانچی | H3: B2W | I3: کالیته | J3: بسته | K3: 10 | L3: 0 | M3: Delivery
A4: 3 | B4: 583005013 | C4: 35692 | D4: 09133596911 | E4: 2026/08/23 | F4: 20001232 | G4: محمدهادی دهقان هراتی | H4: B2W | I4: موکت | J4: مترمربع | K4: 540 | L4: 0 | M4: Delivery
A5: 4 | B5: 583005056 | C5: 35754 | D5: 09161186344 | E5: 2026/08/23 | F5: 20000120 | G5: شهرام مقدم | H5: B2W | I5: موکت | J5: مترمربع | K5: 51 | L5: 0 | M5: Delivery
A6: 5 | B6: 583005024 | C6: 35708 | D6: 09126002426 | E6: 2026/08/23 | F6: 20000140 | G6: محسن خراسانی | H6: B2W | I6: پادری | J6: بسته | K6: 195 | L6: 0 | M6: Delivery
A7: 6 | B7: 583005045 | C7: 35739 | D7: 09189273078 | E7: 2026/08/23 | F7: 20001222 | G7: بهروز نوره | H7: B2W | I7: موکت | J7: مترمربع | K7: 90 | L7: 0 | M7: Delivery
A8: 7 | B8: 583005005 | C8: 35680 | D8: 09017801145 | E8: 2026/08/23 | F8: 20000125 | G8: پازیرتزیین رشت (ابوالحسن خسته دل) | H8: B2W | I8: موکت | J8: مترمربع | K8: 9 | L8: 0 | M8: Delivery
A9: 8 | B9: 583005048 | C9: 35742 | D9: 09131616215 | E9: 2026/08/23 | F9: 20000088 | G9: مرتضی دقاقی | H9: B2W | I9: کالیته | J9: بسته | K9: 2 | L9: 0 | M9: Delivery
A10: 9 | B10: 583005014 | C10: 35693 | D10: 09133596911 | E10: 2026/08/23 | F10: 20001232 | G10: محمدهادی دهقان هراتی | H10: B2W | I10: پادری | J10: بسته | K10: 5 | L10: 0 | M10: Delivery
A11: 10 | B11: 583005025 | C11: 35709 | D11: 09173751074 | E11: 2026/08/23 | F11: 20000132 | G11: حمید میرشکاری(حبیب میرشکاری) | H11: B2W | I11: موکت | J11: مترمربع | K11: 252 | L11: 0 | M11: Delivery
A12: 11 | B12: 583005031 | C12: 35722 | D12: 09121061239 | E12: 2026/08/23 | F12: 20000045 | G12: مهدی اکبری نصیری | H12: B2W | I12: موکت | J12: مترمربع | K12: 48 | L12: 0 | M12: Delivery
A13: 12 | B13: 583005026 | C13: 35711 | D13: 09132775393 | E13: 2026/08/23 | F13: 20000150 | G13: عباس وطن خواه | H13: B2W | I13: موکت | J13: مترمربع | K13: 1800 | L13: 0 | M13: Delivery
... A94: 93 | B94: 583005157 | C94: 35895 | D94: 09111434182 | E94: 2026/08/25 | F94: 20000060 | G94: حسن فراسمی | H94: B2W | I94: موکت | J94: مترمربع | K94: 24 | L94: 0 | M94: Delivery
A95: 94 | B95: 583005136 | C95: 35868 | E95: 2026/08/25 | F95: 20001589 | G95: نمایندگی الوانچی(محمدرضا الوانچی) | H95: B2W | I95: SPC PACK | J95: Pack 1.77 8Ea | K95: 1344 | L95: 2378.88 | M95: Delivery
A96: 95 | B96: 583005166 | C96: 35904 | D96: 09121080808 | E96: 2026/08/25 | F96: 20000047 | G96: محسن مصطفایی | H96: B2W | I96: موکت | J96: مترمربع | K96: 90 | L96: 0 | M96: Delivery
A97: 96 | B97: 583005140 | C97: 35873 | D97: 09125657543 | E97: 2026/08/25 | F97: 20000183 | G97: رضا حسین ساریخانی | H97: B2W | I97: موکت | J97: مترمربع | K97: 90 | L97: 0 | M97: Delivery
A98: 97 | B98: 583005152 | C98: 35889 | D98: 09124310140 | E98: 2026/08/25 | F98: 20000518 | G98: امیر آقایی | H98: B2W | I98: SPC PACK | J98: Pack 1.77 8Ea | K98: 40 | L98: 70.8 | M98: Delivery
A99: 98 | B99: 583005122 | C99: 35850 | D99: 09123869198 | E99: 2026/08/25 | F99: 20000065 | G99: دنیای تجارت زیبا (بهروز اسدی اربابی) | H99: B2W | I99: لمینت | J99: بسته | K99: 240 | L99: 0 | M99: Delivery
A100: 99 | B100: 583005179 | C100: 35917 | D100: 09351687371 | E100: 2026/08/25 | F100: 20000145 | G100: غلامرضا روایی(مصطفی روایی) | H100: B2W | I100: موکت | J100: مترمربع | K100: 714 | L100: 0 | M100: Delivery
A101: 100 | B101: 583005161 | C101: 35899 | D101: 09147703634 | E101: 2026/08/25 | F101: 20001246 | G101: بهراد نجفی آقزیارت(براتعلی نجفی آقزیارت) | H101: B2W | I101: کالیته | J101: بسته | K101: 5 | L101: 0 | M101: Delivery
A102: 101 | B102: 583005173 | C102: 35911 | D102: 09121727320 | E102: 2026/08/25 | F102: 20000112 | G102: حسن گلزاری | H102: B2W | I102: کالیته | J102: عدد | K102: 1 | L102: 0 | M102: Delivery
A103: 102 | B103: 583005173 | C103: 35911 | D103: 09121727320 | E103: 2026/08/25 | F103: 20000112 | G103: حسن گلزاری | H103: B2W | I103: کالیته | J103: بسته | K103: 5 | L103: 0 | M103: Delivery
A104: 103 | B104: 583005117 | C104: 35841 | D104: 09351687371 | E104: 2026/08/25 | F104: 20000145 | G104: غلامرضا روایی(مصطفی روایی) | H104: B2W | I104: کالیته | J104: بسته | K104: 3 | L104: 0 | M104: Delivery
A105: 104 | B105: 583005138 | C105: 35870 | E105: 2026/08/25 | F105: 20001589 | G105: نمایندگی الوانچی(محمدرضا الوانچی) | H105: B2W | I105: کالیته | J105: بسته | K105: 8 | L105: 0 | M105: Delivery
A106: 105 | B106: 583005163 | C106: 35901 | D106: 09033952047 | E106: 2026/08/25 | F106: 20000118 | G106: محمد حسین بیدار بخت(سعید بیدار بخت) | H106: B2W | I106: موکت | J106: مترمربع | K106: 36 | L106: 0 | M106: Delivery
A107: 106 | B107: 583005149 | C107: 35886 | D107: 09161186344 | E107: 2026/08/25 | F107: 20000120 | G107: شهرام مقدم | H107: B2W | I107: موکت | J107: مترمربع | K107: 111 | L107: 0 | M107: Delivery
A108: 107 | B108: 583005180 | C108: 35918 | D108: 09351687371 | E108: 2026/08/25 | F108: 20000145 | G108: غلامرضا روایی(مصطفی روایی) | H108: B2W | I108: کالیته | J108: بسته | K108: 16 | L108: 0 | M108: Delivery
A109: 108 | B109: 583005163 | C109: 35901 | D109: 09033952047 | E109: 2026/08/25 | F109: 20000118 | G109: محمد حسین بیدار بخت(سعید بیدار بخت) | H109: B2W | I109: موکت | J109: مترمربع | K109: 45 | L109: 0 | M109: Delivery
A110: 109 | B110: 583005163 | C110: 35901 | D110: 09033952047 | E110: 2026/08/25 | F110: 20000118 | G110: محمد حسین بیدار بخت(سعید بیدار بخت) | H110: B2W | I110: موکت | J110: مترمربع | K110: 21 | L110: 0 | M110: Delivery
A111: 110 | B111: 583005134 | C111: 35866 | D111: 09121826803 | E111: 2026/08/25 | F111: 20001224 | G111: کریم طهماسبی | H111: B2W | I111: موکت | J111: مترمربع | K111: 252 | L111: 0 | M111: Delivery
A112: 111 | B112: 583005172 | C112: 35910 | D112: 09394160993 | E112: 2026/08/25 | F112: 20000184 | G112: سید رضا حسینی | H112: B2W | I112: کالیته | J112: بسته | K112: 11 | L112: 0 | M112: Delivery
A113: 112 | B113: 583005174 | C113: 35912 | D113: 09366769020 | E113: 2026/08/25 | F113: 20000176 | G113: آرش ایرانپور | H113: B2W | I113: موکت | J113: مترمربع | K113: 30 | L113: 0 | M113: Delivery
A114: 113 | B114: 583005145 | C114: 35881 | D114: 09143013314 | E114: 2026/08/25 | F114: 20001619 | G114: جواد باقری افشرد | H114: B2W | I114: پادری | J114: بسته | K114: 15 | L114: 0 | M114: Delivery
A115: 114 | B115: 583005165 | C115: 35903 | D115: 09166612445 | E115: 2026/08/25 | F115: 20000084 | G115: محسن رشیدی | H115: B2W | I115: موکت | J115: مترمربع | K115: 225 | L115: 0 | M115: Delivery
A116: 115 | B116: 583005127 | C116: 35856 | D116: 09122886748 | E116: 2026/08/25 | F116: 20000010 | G116: فرادید رها(شهرام صلح میرزایی) | H116: B2W | I116: موکت | J116: مترمربع | K116: 2997 | L116: 0 | M116: Delivery
A117: 116 | B117: 583005127 | C117: 35856 | D117: 09122886748 | E117: 2026/08/25 | F117: 20000010 | G117: فرادید رها(شهرام صلح میرزایی) | H117: B2W | I117: موکت | J117: مترمربع | K117: 180 | L117: 0 | M117: Delivery
... A1145: 1144 | B1145: 583006635 | C1145: 37915 | D1145: 09394160993 | E1145: 2026/09/17 | F1145: 20000184 | G1145: سید رضا حسینی | H1145: B2W | I1145: موکت | J1145: مترمربع | K1145: 576 | L1145: 0 | M1145: Delivery
A1146: 1145 | B1146: 583006622 | C1146: 37901 | E1146: 2026/09/17 | F1146: 20001589 | G1146: نمایندگی الوانچی(محمدرضا الوانچی) | H1146: B2W | I1146: کالیته | J1146: بسته | K1146: 10 | L1146: 0 | M1146: Delivery
A1147: 1146 | B1147: 583006628 | C1147: 37908 | D1147: 09394160993 | E1147: 2026/09/17 | F1147: 20000184 | G1147: سید رضا حسینی | H1147: B2W | I1147: پادری | J1147: بسته | K1147: 7 | L1147: 0 | M1147: Delivery
A1148: 1147 | B1148: 583006645 | C1148: 37925 | D1148: 09144142723 | E1148: 2026/09/17 | F1148: 20000006 | G1148: صادق کیایی | H1148: B2W | I1148: موکت | J1148: مترمربع | K1148: 417 | L1148: 0 | M1148: Delivery
A1149: 1148 | B1149: 583006645 | C1149: 37925 | D1149: 09144142723 | E1149: 2026/09/17 | F1149: 20000006 | G1149: صادق کیایی | H1149: B2W | I1149: موکت | J1149: مترمربع | K1149: 606 | L1149: 0 | M1149: Delivery
A1150: 1149 | B1150: 583006642 | C1150: 37922 | D1150: 09301828545 | E1150: 2026/09/17 | F1150: 20000979 | G1150: شرکت سپنتمان | H1150: B2W | I1150: موکت | J1150: مترمربع | K1150: 252 | L1150: 0 | M1150: Delivery
A1151: 1150 | B1151: 583006639 | C1151: 37919 | D1151: 09121498409 | E1151: 2026/09/17 | F1151: 20000231 | G1151: اصغر صابر | H1151: B2W | I1151: موکت | J1151: مترمربع | K1151: 702 | L1151: 0 | M1151: Delivery
A1152: 1151 | B1152: 583006639 | C1152: 37919 | D1152: 09121498409 | E1152: 2026/09/17 | F1152: 20000231 | G1152: اصغر صابر | H1152: B2W | I1152: موکت | J1152: مترمربع | K1152: 180 | L1152: 0 | M1152: Delivery
A1153: 1152 | B1153: 583006639 | C1153: 37919 | D1153: 09121498409 | E1153: 2026/09/17 | F1153: 20000231 | G1153: اصغر صابر | H1153: B2W | I1153: موکت | J1153: مترمربع | K1153: 966 | L1153: 0 | M1153: Delivery
A1154: 1153 | B1154: 583006627 | C1154: 37907 | D1154: 09394160993 | E1154: 2026/09/17 | F1154: 20000184 | G1154: سید رضا حسینی | H1154: B2W | I1154: کالیته | J1154: بسته | K1154: 8 | L1154: 0 | M1154: Delivery
A1155: 1154 | B1155: 583006640 | C1155: 37920 | D1155: 09121498409 | E1155: 2026/09/17 | F1155: 20000231 | G1155: اصغر صابر | H1155: B2W | I1155: کالیته | J1155: بسته | K1155: 8 | L1155: 0 | M1155: Delivery
A1156: 1155 | B1156: 583006635 | C1156: 37915 | D1156: 09394160993 | E1156: 2026/09/17 | F1156: 20000184 | G1156: سید رضا حسینی | H1156: B2W | I1156: موکت | J1156: مترمربع | K1156: 288 | L1156: 0 | M1156: Delivery
A1157: 1156 | B1157: 583006635 | C1157: 37915 | D1157: 09394160993 | E1157: 2026/09/17 | F1157: 20000184 | G1157: سید رضا حسینی | H1157: B2W | I1157: موکت | J1157: مترمربع | K1157: 2937 | L1157: 0 | M1157: Delivery
A1158: 1157 | B1158: 583006635 | C1158: 37915 | D1158: 09394160993 | E1158: 2026/09/17 | F1158: 20000184 | G1158: سید رضا حسینی | H1158: B2W | I1158: موکت | J1158: مترمربع | K1158: 180 | L1158: 0 | M1158: Delivery
... A1293: 1292 | B1293: 583006709 | C1293: 38015 | D1293: 09121826803 | E1293: 2026/09/19 | F1293: 20001224 | G1293: کریم طهماسبی | H1293: B2W | I1293: پادری | J1293: بسته | K1293: 12 | L1293: 0 | M1293: Delivery
A1294: 1293 | B1294: 583006719 | C1294: 38027 | E1294: 2026/09/19 | F1294: 20001589 | G1294: نمایندگی الوانچی(محمدرضا الوانچی) | H1294: B2W | I1294: کالیته | J1294: بسته | K1294: 10 | L1294: 0 | M1294: Delivery
A1295: 1294 | B1295: 583006729 | C1295: 38044 | D1295: 09121061239 | E1295: 2026/09/19 | F1295: 20000045 | G1295: مهدی اکبری نصیری | H1295: B2W | I1295: موکت | J1295: مترمربع | K1295: 144 | L1295: 0 | M1295: Delivery
A1296: 1295 | B1296: 583006682 | C1296: 37985 | D1296: 09108090754 | E1296: 2026/09/19 | F1296: 20000079 | G1296: زاهد ادوایی | H1296: B2W | I1296: موکت | J1296: مترمربع | K1296: 72 | L1296: 0 | M1296: Delivery
A1297: 1296 | B1297: 583006723 | C1297: 38037 | D1297: 09121313314 | E1297: 2026/09/19 | F1297: 20000131 | G1297: علی طالب بیدختی | H1297: B2W | I1297: موکت | J1297: مترمربع | K1297: 1827 | L1297: 0 | M1297: Delivery
A1298: 1297 | B1298: 583006675 | C1298: 37978 | D1298: 09122313212 | E1298: 2026/09/19 | F1298: 20000124 | G1298: ابوالقاسم لشگری | H1298: B2W | I1298: موکت | J1298: مترمربع | K1298: 60 | L1298: 0 | M1298: Delivery
A1299: 1298 | B1299: 583006676 | C1299: 37979 | D1299: 09122313212 | E1299: 2026/09/19 | F1299: 20000124 | G1299: ابوالقاسم لشگری | H1299: B2W | I1299: موکت نمدی | J1299: مترمربع | K1299: 300 | L1299: 0 | M1299: Delivery
A1300: 1299 | B1300: 583006807 | C1300: 38152 | D1300: 09132775393 | E1300: 2026/09/20 | F1300: 20000150 | G1300: عباس وطن خواه | H1300: B2W | I1300: موکت | J1300: مترمربع | K1300: 3303 | L1300: 0 | M1300: Delivery
A1301: 1300 | B1301: 583006808 | C1301: 38154 | D1301: 09132775393 | E1301: 2026/09/20 | F1301: 20000150 | G1301: عباس وطن خواه | H1301: B2W | I1301: موکت نمدی | J1301: مترمربع | K1301: 240 | L1301: 0 | M1301: Delivery
A1302: 1301 | B1302: 583006811 | C1302: 38158 | D1302: 09121754743 | E1302: 2026/09/20 | F1302: 20000122 | G1302: ارسلان ضرغام | H1302: B2W | I1302: موکت | J1302: مترمربع | K1302: 9 | L1302: 0 | M1302: Delivery
A1303: 1302 | B1303: 583006807 | C1303: 38152 | D1303: 09132775393 | E1303: 2026/09/20 | F1303: 20000150 | G1303: عباس وطن خواه | H1303: B2W | I1303: موکت | J1303: مترمربع | K1303: 180 | L1303: 0 | M1303: Delivery
A1304: 1303 | B1304: 583006770 | C1304: 38104 | D1304: 09171616143 | E1304: 2026/09/20 | F1304: 20000011 | G1304: ابوالفضل کرباسی | H1304: B2W | I1304: چمن مصنوعی | J1304: مترمربع | K1304: 150 | L1304: 0 | M1304: Delivery
A1305: 1304 | B1305: 583006791 | C1305: 38131 | D1305: 09177159314 | E1305: 2026/09/20 | F1305: 20000074 | G1305: علیرضا الوانچی | H1305: B2W | I1305: کفپوش | J1305: مترمربع | K1305: 13.2 | L1305: 0 | M1305: Delivery
A1306: 1305 | B1306: 583006781 | C1306: 38118 | D1306: 09021359904 | E1306: 2026/09/20 | F1306: 20000242 | G1306: اهورا پود ماهان (مجتبی کریمی) | H1306: B2W | I1306: موکت | J1306: مترمربع | K1306: 3864 | L1306: 0 | M1306: Delivery
... A1459: 1458 | B1459: 583006918 | C1459: 38310 | D1459: 09111545839 | E1459: 2026/09/22 | F1459: 20000136 | G1459: محمد علی ابراهیمی | H1459: B2W | I1459: موکت نمدی | J1459: مترمربع | K1459: 150 | L1459: 0 | M1459: Delivery

Sheet Data
A1: # | B1: Document Number | C1: Numerator | D1: Mobile | E1: Creation Date | F1: Customer/Vendor Code | G1: Customer/Vendor Name | H1: BPChannel | I1: Item Sub Group | J1: Inventory UoM | K1: Quantity | L1: SPC Quantity M2 | M1: Cancel Status
A2: 160 | B2: 583005208 | C2: 35965 | D2: 09113711382 | E2: 2026/08/26 | F2: 20000001 | G2: علی احمدی | H2: B2W | I2: موکت | J2: مترمربع | K2: 12 | L2: 0 | M2: Delivery | N2: =L2/500 -> 0 | P2: =K2/800 -> 0.015
A3: 640 | B3: 583005898 | C3: 36947 | D3: 09113711382 | E3: 2026/09/08 | F3: 20000001 | G3: علی احمدی | H3: B2W | I3: موکت | J3: مترمربع | K3: 69 | L3: 0 | M3: Delivery | N3: =L3/500 -> 0 | P3: =K3/800 -> 0.08625
A4: 1383 | B4: 583006908 | C4: 38285 | D4: 09113711382 | E4: 2026/09/21 | F4: 20000001 | G4: علی احمدی | H4: B2W | I4: موکت | J4: مترمربع | K4: 36 | L4: 0 | M4: Delivery | N4: =L4/500 -> 0 | P4: =K4/800 -> 0.045
A5: 1384 | B5: 583006908 | C5: 38285 | D5: 09113711382 | E5: 2026/09/21 | F5: 20000001 | G5: علی احمدی | H5: B2W | I5: موکت | J5: مترمربع | K5: 144 | L5: 0 | M5: Delivery | N5: =L5/500 -> 0 | P5: =K5/800 -> 0.18
A6: 1385 | B6: 583006908 | C6: 38285 | D6: 09113711382 | E6: 2026/09/21 | F6: 20000001 | G6: علی احمدی | H6: B2W | I6: موکت | J6: مترمربع | K6: 1083 | L6: 0 | M6: Delivery | N6: =L6/500 -> 0 | P6: =K6/800 -> 1.35375
A7: 264 | B7: 583005378 | C7: 36199 | D7: 09111278967 | E7: 2026/08/30 | F7: 20000003 | G7: حسن توانگری | H7: B2W | I7: موکت | J7: مترمربع | K7: 12 | L7: 0 | M7: Delivery | N7: =L7/500 -> 0 | P7: =K7/800 -> 0.015
A8: 346 | B8: 583005475 | C8: 36333 | D8: 09111278967 | E8: 2026/09/01 | F8: 20000003 | G8: حسن توانگری | H8: B2W | I8: موکت | J8: مترمربع | K8: 45 | L8: 0 | M8: Delivery | N8: =L8/500 -> 0 | P8: =K8/800 -> 0.05625
A9: 350 | B9: 583005474 | C9: 36332 | D9: 09111278967 | E9: 2026/09/01 | F9: 20000003 | G9: حسن توانگری | H9: B2W | I9: موکت | J9: مترمربع | K9: 45 | L9: 0 | M9: Delivery | N9: =L9/500 -> 0 | P9: =K9/800 -> 0.05625
A10: 370 | B10: 583005624 | C10: 36541 | D10: 09111278967 | E10: 2026/09/02 | F10: 20000003 | G10: حسن توانگری | H10: B2W | I10: موکت | J10: مترمربع | K10: 33 | L10: 0 | M10: Delivery | N10: =L10/500 -> 0 | P10: =K10/800 -> 0.04125
A11: 581 | B11: 583005834 | C11: 36841 | D11: 09111278967 | E11: 2026/09/07 | F11: 20000003 | G11: حسن توانگری | H11: B2W | I11: موکت | J11: مترمربع | K11: 21 | L11: 0 | M11: Delivery | N11: =L11/500 -> 0 | P11: =K11/800 -> 0.02625
A12: 666 | B12: 583006007 | C12: 37087 | D12: 09111278967 | E12: 2026/09/09 | F12: 20000003 | G12: حسن توانگری | H12: B2W | I12: موکت | J12: مترمربع | K12: 30 | L12: 0 | M12: Delivery | N12: =L12/500 -> 0 | P12: =K12/800 -> 0.0375
A13: 667 | B13: 583006006 | C13: 37086 | D13: 09111278967 | E13: 2026/09/09 | F13: 20000003 | G13: حسن توانگری | H13: B2W | I13: موکت | J13: مترمربع | K13: 57 | L13: 0 | M13: Delivery | N13: =L13/500 -> 0 | P13: =K13/800 -> 0.07125
... A24: 1415 | B24: 583006853 | C24: 38220 | D24: 09173155934 | E24: 2026/09/21 | F24: 20000004 | G24: داریوش عزیزی | H24: B2W | I24: موکت | J24: مترمربع | K24: 12 | L24: 0 | M24: Delivery | N24: =L24/500 -> 0 | P24: =K24/800 -> 0.015
A25: 747 | B25: 583006064 | C25: 37164 | D25: 09144142723 | E25: 2026/09/10 | F25: 20000006 | G25: صادق کیایی | H25: B2W | I25: SPC PACK | J25: Pack 1.77 8Ea | K25: 24 | L25: 42.48 | M25: Delivery | N25: =L25/500 -> 0.08496
A26: 1456 | B26: 583006920 | C26: 38312 | D26: 09144142723 | E26: 2026/09/22 | F26: 20000006 | G26: صادق کیایی | H26: B2W | I26: SPC PACK | J26: Pack 1.77 8Ea | K26: 6 | L26: 10.62 | M26: Delivery | N26: =L26/500 -> 0.02124
A27: 228 | B27: 583005317 | C27: 36118 | D27: 09144142723 | E27: 2026/08/29 | F27: 20000006 | G27: صادق کیایی | H27: B2W | I27: موکت | J27: مترمربع | K27: 90 | L27: 0 | M27: Delivery | N27: =L27/500 -> 0 | P27: =K27/800 -> 0.1125
A28: 424 | B28: 583005670 | C28: 36609 | D28: 09144142723 | E28: 2026/09/03 | F28: 20000006 | G28: صادق کیایی | H28: B2W | I28: موکت | J28: مترمربع | K28: 3 | L28: 0 | M28: Delivery | N28: =L28/500 -> 0 | P28: =K28/800 -> 0.00375
A29: 427 | B29: 583005668 | C29: 36607 | D29: 09144142723 | E29: 2026/09/03 | F29: 20000006 | G29: صادق کیایی | H29: B2W | I29: موکت | J29: مترمربع | K29: 45 | L29: 0 | M29: Delivery | N29: =L29/500 -> 0 | P29: =K29/800 -> 0.05625
A30: 428 | B30: 583005668 | C30: 36607 | D30: 09144142723 | E30: 2026/09/03 | F30: 20000006 | G30: صادق کیایی | H30: B2W | I30: موکت | J30: مترمربع | K30: 864 | L30: 0 | M30: Delivery | N30: =L30/500 -> 0 | P30: =K30/800 -> 1.08
A31: 434 | B31: 583005669 | C31: 36608 | D31: 09144142723 | E31: 2026/09/03 | F31: 20000006 | G31: صادق کیایی | H31: B2W | I31: موکت | J31: مترمربع | K31: 42 | L31: 0 | M31: Delivery | N31: =L31/500 -> 0 | P31: =K31/800 -> 0.0525
A32: 670 | B32: 583006023 | C32: 37107 | D32: 09144142723 | E32: 2026/09/09 | F32: 20000006 | G32: صادق کیایی | H32: B2W | I32: موکت | J32: مترمربع | K32: 414 | L32: 0 | M32: Delivery | N32: =L32/500 -> 0 | P32: =K32/800 -> 0.5175
A33: 671 | B33: 583006023 | C33: 37107 | D33: 09144142723 | E33: 2026/09/09 | F33: 20000006 | G33: صادق کیایی | H33: B2W | I33: موکت | J33: مترمربع | K33: 507 | L33: 0 | M33: Delivery | N33: =L33/500 -> 0 | P33: =K33/800 -> 0.63375
A34: 708 | B34: 583006046 | C34: 37140 | D34: 09144142723 | E34: 2026/09/10 | F34: 20000006 | G34: صادق کیایی | H34: B2W | I34: موکت | J34: مترمربع | K34: 108 | L34: 0 | M34: Delivery | N34: =L34/500 -> 0 | P34: =K34/800 -> 0.135
A35: 709 | B35: 583006046 | C35: 37140 | D35: 09144142723 | E35: 2026/09/10 | F35: 20000006 | G35: صادق کیایی | H35: B2W | I35: موکت | J35: مترمربع | K35: 240 | L35: 0 | M35: Delivery | N35: =L35/500 -> 0 | P35: =K35/800 -> 0.3
A36: 714 | B36: 583006045 | C36: 37139 | D36: 09144142723 | E36: 2026/09/10 | F36: 20000006 | G36: صادق کیایی | H36: B2W | I36: موکت | J36: مترمربع | K36: 90 | L36: 0 | M36: Delivery | N36: =L36/500 -> 0 | P36: =K36/800 -> 0.1125
A37: 716 | B37: 583006045 | C37: 37139 | D37: 09144142723 | E37: 2026/09/10 | F37: 20000006 | G37: صادق کیایی | H37: B2W | I37: موکت | J37: مترمربع | K37: 72 | L37: 0 | M37: Delivery | N37: =L37/500 -> 0 | P37: =K37/800 -> 0.09
A38: 717 | B38: 583006045 | C38: 37139 | D38: 09144142723 | E38: 2026/09/10 | F38: 20000006 | G38: صادق کیایی | H38: B2W | I38: موکت | J38: مترمربع | K38: 336 | L38: 0 | M38: Delivery | N38: =L38/500 -> 0 | P38: =K38/800 -> 0.42
... A46: 1186 | B46: 583006572 | C46: 37834 | D46: 09111317178 | E46: 2026/09/17 | F46: 20000008 | G46: محمد رضا محمد زاده مقدم | H46: B2W | I46: موکت | J46: مترمربع | K46: 9 | L46: 0 | M46: Delivery | N46: =L46/500 -> 0 | P46: =K46/800 -> 0.01125
A47: 156 | B47: 583005219 | C47: 35977 | D47: 09122886748 | E47: 2026/08/26 | F47: 20000010 | G47: فرادید رها(شهرام صلح میرزایی) | H47: B2W | I47: SPC PACK | J47: Pack 1.77 8Ea | K47: 28 | L47: 49.56 | M47: Delivery | N47: =L47/500 -> 0.09912
A48: 239 | B48: 583005359 | C48: 36175 | D48: 09122886748 | E48: 2026/08/30 | F48: 20000010 | G48: فرادید رها(شهرام صلح میرزایی) | H48: B2W | I48: SPC PACK | J48: Pack 1.77 8Ea | K48: 43 | L48: 76.11 | M48: Delivery | N48: =L48/500 -> 0.15222
A49: 929 | B49: 583006358 | C49: 37549 | D49: 09122886748 | E49: 2026/09/14 | F49: 20000010 | G49: فرادید رها(شهرام صلح میرزایی) | H49: B2W | I49: SPC PACK | J49: Pack 1.77 8Ea | K49: 63 | L49: 103.95 | M49: Delivery | N49: =L49/500 -> 0.2079
A50: 77 | B50: 583005142 | C50: 35876 | D50: 09122886748 | E50: 2026/08/25 | F50: 20000010 | G50: فرادید رها(شهرام صلح میرزایی) | H50: B2W | I50: موکت | J50: مترمربع | K50: 3141 | L50: 0 | M50: Delivery | N50: =L50/500 -> 0 | P50: =K50/800 -> 3.92625
A51: 78 | B51: 583005142 | C51: 35876 | D51: 09122886748 | E51: 2026/08/25 | F51: 20000010 | G51: فرادید رها(شهرام صلح میرزایی) | H51: B2W | I51: موکت | J51: مترمربع | K51: 1191 | L51: 0 | M51: Delivery | N51: =L51/500 -> 0 | P51: =K51/800 -> 1.48875
A52: 79 | B52: 583005142 | C52: 35876 | D52: 09122886748 | E52: 2026/08/25 | F52: 20000010 | G52: فرادید رها(شهرام صلح میرزایی) | H52: B2W | I52: موکت | J52: مترمربع | K52: 225 | L52: 0 | M52: Delivery | N52: =L52/500 -> 0 | P52: =K52/800 -> 0.28125
A53: 115 | B53: 583005127 | C53: 35856 | D53: 09122886748 | E53: 2026/08/25 | F53: 20000010 | G53: فرادید رها(شهرام صلح میرزایی) | H53: B2W | I53: موکت | J53: مترمربع | K53: 2997 | L53: 0 | M53: Delivery | N53: =L53/500 -> 0 | P53: =K53/800 -> 3.74625
A54: 116 | B54: 583005127 | C54: 35856 | D54: 09122886748 | E54: 2026/08/25 | F54: 20000010 | G54: فرادید رها(شهرام صلح میرزایی) | H54: B2W | I54: موکت | J54: مترمربع | K54: 180 | L54: 0 | M54: Delivery | N54: =L54/500 -> 0 | P54: =K54/800 -> 0.225
A55: 117 | B55: 583005127 | C55: 35856 | D55: 09122886748 | E55: 2026/08/25 | F55: 20000010 | G55: فرادید رها(شهرام صلح میرزایی) | H55: B2W | I55: موکت | J55: مترمربع | K55: 708 | L55: 0 | M55: Delivery | N55: =L55/500 -> 0 | P55: =K55/800 -> 0.885
A56: 213 | B56: 583005307 | C56: 36107 | D56: 09122886748 | E56: 2026/08/29 | F56: 20000010 | G56: فرادید رها(شهرام صلح میرزایی) | H56: B2W | I56: موکت | J56: مترمربع | K56: 1296 | L56: 0 | M56: Delivery | N56: =L56/500 -> 0 | P56: =K56/800 -> 1.62
A57: 214 | B57: 583005307 | C57: 36107 | D57: 09122886748 | E57: 2026/08/29 | F57: 20000010 | G57: فرادید رها(شهرام صلح میرزایی) | H57: B2W | I57: موکت | J57: مترمربع | K57: 2385 | L57: 0 | M57: Delivery | N57: =L57/500 -> 0 | P57: =K57/800 -> 2.98125
A58: 218 | B58: 583005307 | C58: 36107 | D58: 09122886748 | E58: 2026/08/29 | F58: 20000010 | G58: فرادید رها(شهرام صلح میرزایی) | H58: B2W | I58: موکت | J58: مترمربع | K58: 510 | L58: 0 | M58: Delivery | N58: =L58/500 -> 0 | P58: =K58/800 -> 0.6375
A59: 433 | B59: 583005643 | C59: 36573 | D59: 09122886748 | E59: 2026/09/03 | F59: 20000010 | G59: فرادید رها(شهرام صلح میرزایی) | H59: B2W | I59: موکت | J59: مترمربع | K59: 801 | L59: 0 | M59: Delivery | N59: =L59/500 -> 0 | P59: =K59/800 -> 1.00125
A60: 436 | B60: 583005643 | C60: 36573 | D60: 09122886748 | E60: 2026/09/03 | F60: 20000010 | G60: فرادید رها(شهرام صلح میرزایی) | H60: B2W | I60: موکت | J60: مترمربع | K60: 3204 | L60: 0 | M60: Delivery | N60: =L60/500 -> 0 | P60: =K60/800 -> 4.005
A61: 522 | B61: 583005786 | C61: 36771 | D61: 09122886748 | E61: 2026/09/06 | F61: 20000010 | G61: فرادید رها(شهرام صلح میرزایی) | H61: B2W | I61: موکت | J61: مترمربع | K61: 2250 | L61: 0 | M61: Delivery | N61: =L61/500 -> 0 | P61: =K61/800 -> 2.8125
... A105: 1176 | B105: 583006564 | C105: 37826 | D105: 09173414043 | E105: 2026/09/17 | F105: 20000013 | G105: حجت الله نظری زاده | H105: B2W | I105: موکت | J105: مترمربع | K105: 45 | L105: 0 | M105: Delivery | N105: =L105/500 -> 0 | P105: =K105/800 -> 0.05625
A106: 1178 | B106: 583006588 | C106: 37850 | D106: 09113007899 | E106: 2026/09/17 | F106: 20000015 | G106: کعبه توکلی (ناصر توکلی) | H106: B2W | I106: SPC PACK | J106: Pack 1.77 8Ea | K106: 12 | L106: 19.8 | M106: Delivery | N106: =L106/500 -> 0.0396
A107: 1165 | B107: 583006587 | C107: 37849 | D107: 09113007899 | E107: 2026/09/17 | F107: 20000015 | G107: کعبه توکلی (ناصر توکلی) | H107: B2W | I107: موکت | J107: مترمربع | K107: 9 | L107: 0 | M107: Delivery | N107: =L107/500 -> 0 | P107: =K107/800 -> 0.01125
A108: 1308 | B108: 583006809 | C108: 38155 | D108: 09113007899 | E108: 2026/09/20 | F108: 20000015 | G108: کعبه توکلی (ناصر توکلی) | H108: B2W | I108: موکت | J108: مترمربع | K108: 3321 | L108: 0 | M108: Delivery | N108: =L108/500 -> 0 | P108: =K108/800 -> 4.15125
A109: 1309 | B109: 583006809 | C109: 38155 | D109: 09113007899 | E109: 2026/09/20 | F109: 20000015 | G109: کعبه توکلی (ناصر توکلی) | H109: B2W | I109: موکت | J109: مترمربع | K109: 360 | L109: 0 | M109: Delivery | N109: =L109/500 -> 0 | P109: =K109/800 -> 0.45
A110: 1408 | B110: 583006850 | C110: 38217 | D110: 09113007899 | E110: 2026/09/21 | F110: 20000015 | G110: کعبه توکلی (ناصر توکلی) | H110: B2W | I110: موکت | J110: مترمربع | K110: 12 | L110: 0 | M110: Delivery | N110: =L110/500 -> 0 | P110: =K110/800 -> 0.015
A111: 220 | B111: 583005308 | C111: 36108 | D111: 09181415144 | E111: 2026/08/29 | F111: 20000017 | G111: سیف الله صیدی | H111: B2W | I111: SPC PACK | J111: Pack 1.77 8Ea | K111: 8 | L111: 14.16 | M111: Delivery | N111: =L111/500 -> 0.02832
A112: 353 | B112: 583005488 | C112: 36350 | D112: 09181415144 | E112: 2026/09/01 | F112: 20000017 | G112: سیف الله صیدی | H112: B2W | I112: SPC PACK | J112: Pack 1.77 8Ea | K112: 33 | L112: 54.45 | M112: Delivery | N112: =L112/500 -> 0.1089
A113: 965 | B113: 583006315 | C113: 37489 | D113: 09181415144 | E113: 2026/09/14 | F113: 20000017 | G113: سیف الله صیدی | H113: B2W | I113: SPC PACK | J113: Pack 1.77 8Ea | K113: 41 | L113: 72.57 | M113: Delivery | N113: =L113/500 -> 0.14514
A114: 423 | B114: 583005666 | C114: 36605 | D114: 09181415144 | E114: 2026/09/03 | F114: 20000017 | G114: سیف الله صیدی | H114: B2W | I114: موکت | J114: مترمربع | K114: 186 | L114: 0 | M114: Delivery | N114: =L114/500 -> 0 | P114: =K114/800 -> 0.2325
A115: 425 | B115: 583005666 | C115: 36605 | D115: 09181415144 | E115: 2026/09/03 | F115: 20000017 | G115: سیف الله صیدی | H115: B2W | I115: موکت | J115: مترمربع | K115: 2688 | L115: 0 | M115: Delivery | N115: =L115/500 -> 0 | P115: =K115/800 -> 3.36
A116: 426 | B116: 583005666 | C116: 36605 | D116: 09181415144 | E116: 2026/09/03 | F116: 20000017 | G116: سیف الله صیدی | H116: B2W | I116: موکت | J116: مترمربع | K116: 870 | L116: 0 | M116: Delivery | N116: =L116/500 -> 0 | P116: =K116/800 -> 1.0875
A117: 727 | B117: 583006105 | C117: 37211 | D117: 09181415144 | E117: 2026/09/10 | F117: 20000017 | G117: سیف الله صیدی | H117: B2W | I117: موکت | J117: مترمربع | K117: 324 | L117: 0 | M117: Delivery | N117: =L117/500 -> 0 | P117: =K117/800 -> 0.405
A118: 728 | B118: 583006105 | C118: 37211 | D118: 09181415144 | E118: 2026/09/10 | F118: 20000017 | G118: سیف الله صیدی | H118: B2W | I118: موکت | J118: مترمربع | K118: 222 | L118: 0 | M118: Delivery | N118: =L118/500 -> 0 | P118: =K118/800 -> 0.2775
A119: 741 | B119: 583006086 | C119: 37189 | D119: 09181415144 | E119: 2026/09/10 | F119: 20000017 | G119: سیف الله صیدی | H119: B2W | I119: موکت | J119: مترمربع | K119: 162 | L119: 0 | M119: Delivery | N119: =L119/500 -> 0 | P119: =K119/800 -> 0.2025
A120: 742 | B120: 583006086 | C120: 37189 | D120: 09181415144 | E120: 2026/09/10 | F120: 20000017 | G120: سیف الله صیدی | H120: B2W | I120: موکت | J120: مترمربع | K120: 129 | L120: 0 | M120: Delivery | N120: =L120/500 -> 0 | P120: =K120/800 -> 0.16125
A121: 772 | B121: 583006105 | C121: 37211 | D121: 09181415144 | E121: 2026/09/10 | F121: 20000017 | G121: سیف الله صیدی | H121: B2W | I121: موکت | J121: مترمربع | K121: 1167 | L121: 0 | M121: Delivery | N121: =L121/500 -> 0 | P121: =K121/800 -> 1.45875
A122: 1159 | B122: 583006569 | C122: 37831 | D122: 09181415144 | E122: 2026/09/17 | F122: 20000017 | G122: سیف الله صیدی | H122: B2W | I122: موکت | J122: مترمربع | K122: 27 | L122: 0 | M122: Delivery | N122: =L122/500 -> 0 | P122: =K122/800 -> 0.03375
A123: 1198 | B123: 583006646 | C123: 37927 | D123: 09181415144 | E123: 2026/09/18 | F123: 20000017 | G123: سیف الله صیدی | H123: B2W | I123: موکت | J123: مترمربع | K123: 1269 | L123: 0 | M123: Delivery | N123: =L123/500 -> 0 | P123: =K123/800 -> 1.58625
A124: 1199 | B124: 583006646 | C124: 37927 | D124: 09181415144 | E124: 2026/09/18 | F124: 20000017 | G124: سیف الله صیدی | H124: B2W | I124: موکت | J124: مترمربع | K124: 420 | L124: 0 | M124: Delivery | N124: =L124/500 -> 0 | P124: =K124/800 -> 0.525
A125: 233 | B125: 583005311 | C125: 36112 | D125: 09369389047 | E125: 2026/08/29 | F125: 20000021 | G125: محمد علی بیگزاده | H125: B2W | I125: SPC PACK | J125: Pack 1.77 8Ea | K125: 90 | L125: 159.3 | M125: Delivery | N125: =L125/500 -> 0.3186
A126: 961 | B126: 583006376 | C126: 37568 | D126: 09369389047 | E126: 2026/09/14 | F126: 20000021 | G126: محمد علی بیگزاده | H126: B2W | I126: SPC PACK | J126: Pack 1.77 8Ea | K126: 2 | L126: 3.54 | M126: Delivery | N126: =L126/500 -> 0.00708
A127: 155 | B127: 583005234 | C127: 35995 | D127: 09369389047 | E127: 2026/08/26 | F127: 20000021 | G127: محمد علی بیگزاده | H127: B2W | I127: موکت | J127: مترمربع | K127: 1494 | L127: 0 | M127: Delivery | N127: =L127/500 -> 0 | P127: =K127/800 -> 1.8675
A128: 1048 | B128: 583006399 | C128: 37605 | D128: 09369389047 | E128: 2026/09/15 | F128: 20000021 | G128: محمد علی بیگزاده | H128: B2W | I128: موکت | J128: مترمربع | K128: 138 | L128: 0 | M128: Delivery | N128: =L128/500 -> 0 | P128: =K128/800 -> 0.1725
A129: 1369 | B129: 583006887 | C129: 38264 | D129: 09369389047 | E129: 2026/09/21 | F129: 20000021 | G129: محمد علی بیگزاده | H129: B2W | I129: موکت | J129: مترمربع | K129: 450 | L129: 0 | M129: Delivery | N129: =L129/500 -> 0 | P129: =K129/800 -> 0.5625
A130: 361 | B130: 583005484 | C130: 36346 | D130: 09121083841 | E130: 2026/09/01 | F130: 20000022 | G130: حسن قضوی(نماینده) | H130: B2W | I130: موکت | J130: مترمربع | K130: 240 | L130: 0 | M130: Delivery | N130: =L130/500 -> 0 | P130: =K130/800 -> 0.3
A131: 363 | B131: 583005482 | C131: 36344 | D131: 09121083841 | E131: 2026/09/01 | F131: 20000022 | G131: حسن قضوی(نماینده) | H131: B2W | I131: موکت | J131: مترمربع | K131: 240 | L131: 0 | M131: Delivery | N131: =L131/500 -> 0 | P131: =K131/800 -> 0.3
A132: 366 | B132: 583005483 | C132: 36345 | D132: 09121083841 | E132: 2026/09/01 | F132: 20000022 | G132: حسن قضوی(نماینده) | H132: B2W | I132: موکت | J132: مترمربع | K132: 240 | L132: 0 | M132: Delivery | N132: =L132/500 -> 0 | P132: =K132/800 -> 0.3
A133: 971 | B133: 583006312 | C133: 37485 | D133: 09121083841 | E133: 2026/09/14 | F133: 20000022 | G133: حسن قضوی(نماینده) | H133: B2W | I133: موکت | J133: مترمربع | K133: 279 | L133: 0 | M133: Delivery | N133: =L133/500 -> 0 | P133: =K133/800 -> 0.34875
A134: 989 | B134: 583006311 | C134: 37484 | D134: 09121083841 | E134: 2026/09/14 | F134: 20000022 | G134: حسن قضوی(نماینده) | H134: B2W | I134: موکت | J134: مترمربع | K134: 276 | L134: 0 | M134: Delivery | N134: =L134/500 -> 0 | P134: =K134/800 -> 0.345
A135: 993 | B135: 583006310 | C135: 37483 | D135: 09121083841 | E135: 2026/09/14 | F135: 20000022 | G135: حسن قضوی(نماینده) | H135: B2W | I135: موکت | J135: مترمربع | K135: 282 | L135: 0 | M135: Delivery | N135: =L135/500 -> 0 | P135: =K135/800 -> 0.3525
A136: 1131 | B136: 583006527 | C136: 37774 | D136: 09121083841 | E136: 2026/09/16 | F136: 20000022 | G136: حسن قضوی(نماینده) | H136: B2W | I136: موکت | J136: مترمربع | K136: 1440 | L136: 0 | M136: Delivery | N136: =L136/500 -> 0 | P136: =K136/800 -> 1.8
A137: 1132 | B137: 583006527 | C137: 37774 | D137: 09121083841 | E137: 2026/09/16 | F137: 20000022 | G137: حسن قضوی(نماینده) | H137: B2W | I137: موکت | J137: مترمربع | K137: 546 | L137: 0 | M137: Delivery | N137: =L137/500 -> 0 | P137: =K137/800 -> 0.6825
A138: 1255 | B138: 583006667 | C138: 37962 | D138: 09121083841 | E138: 2026/09/19 | F138: 20000022 | G138: حسن قضوی(نماینده) | H138: B2W | I138: موکت | J138: مترمربع | K138: 204 | L138: 0 | M138: Delivery | N138: =L138/500 -> 0 | P138: =K138/800 -> 0.255
... A233: 997 | B233: 583006298 | C233: 37467 | D233: 09121080808 | E233: 2026/09/14 | F233: 20000047 | G233: محسن مصطفایی | H233: B2W | I233: موکت | J233: مترمربع | K233: 45 | L233: 0 | M233: Delivery | N233: =L233/500 -> 0 | P233: =K233/800 -> 0.05625
A234: 186 | B234: 583005244 | C234: 36014 | D234: 09907391493 | E234: 2026/08/27 | F234: 20000048 | G234: حمید گنجعلی خانی | H234: B2W | I234: SPC PACK | J234: Pack 1.77 8Ea | K234: 16 | L234: 28.32 | M234: Delivery | N234: =L234/500 -> 0.05664
A235: 982 | B235: 583006383 | C235: 37576 | D235: 09907391493 | E235: 2026/09/14 | F235: 20000048 | G235: حمید گنجعلی خانی | H235: B2W | I235: SPC PACK | J235: Pack 1.77 8Ea | K235: 40 | L235: 66 | M235: Delivery | N235: =L235/500 -> 0.132
A236: 1014 | B236: 583006470 | C236: 37684 | D236: 09907391493 | E236: 2026/09/15 | F236: 20000048 | G236: حمید گنجعلی خانی | H236: B2W | I236: SPC PACK | J236: Pack 1.77 8Ea | K236: 220 | L236: 389.4 | M236: Delivery | N236: =L236/500 -> 0.7788
A237: 64 | B237: 583005108 | C237: 35828 | D237: 09907391493 | E237: 2026/08/24 | F237: 20000048 | G237: حمید گنجعلی خانی | H237: B2W | I237: موکت | J237: مترمربع | K237: 108 | L237: 0 | M237: Delivery | N237: =L237/500 -> 0 | P237: =K237/800 -> 0.135
A238: 84 | B238: 583005160 | C238: 35898 | D238: 09907391493 | E238: 2026/08/25 | F238: 20000048 | G238: حمید گنجعلی خانی | H238: B2W | I238: موکت | J238: مترمربع | K238: 45 | L238: 0 | M238: Delivery | N238: =L238/500 -> 0 | P238: =K238/800 -> 0.05625
A239: 1049 | B239: 583006414 | C239: 37622 | D239: 09907391493 | E239: 2026/09/15 | F239: 20000048 | G239: حمید گنجعلی خانی | H239: B2W | I239: موکت | J239: مترمربع | K239: 12 | L239: 0 | M239: Delivery | N239: =L239/500 -> 0 | P239: =K239/800 -> 0.015
A240: 39 | B240: 583005043 | C240: 35737 | D240: 09188156563 | E240: 2026/08/23 | F240: 20000049 | G240: آرش غفاری | H240: B2W | I240: موکت | J240: مترمربع | K240: 21 | L240: 0 | M240: Delivery | N240: =L240/500 -> 0 | P240: =K240/800 -> 0.02625
A241: 339 | B241: 583005468 | C241: 36326 | D241: 09188156563 | E241: 2026/09/01 | F241: 20000049 | G241: آرش غفاری | H241: B2W | I241: موکت | J241: مترمربع | K241: 12 | L241: 0 | M241: Delivery | N241: =L241/500 -> 0 | P241: =K241/800 -> 0.015
A242: 656 | B242: 583005918 | C242: 36970 | D242: 09188156563 | E242: 2026/09/08 | F242: 20000049 | G242: آرش غفاری | H242: B2W | I242: موکت | J242: مترمربع | K242: 12 | L242: 0 | M242: Delivery | N242: =L242/500 -> 0 | P242: =K242/800 -> 0.015
A243: 752 | B243: 583006083 | C243: 37185 | D243: 09188156563 | E243: 2026/09/10 | F243: 20000049 | G243: آرش غفاری | H243: B2W | I243: موکت | J243: مترمربع | K243: 135 | L243: 0 | M243: Delivery | N243: =L243/500 -> 0 | P243: =K243/800 -> 0.16875
A244: 1032 | B244: 583006412 | C244: 37620 | D244: 09188156563 | E244: 2026/09/15 | F244: 20000049 | G244: آرش غفاری | H244: B2W | I244: موکت | J244: مترمربع | K244: 9 | L244: 0 | M244: Delivery | N244: =L244/500 -> 0 | P244: =K244/800 -> 0.01125
A245: 266 | B245: 583005366 | C245: 36186 | D245: 09122576077 | E245: 2026/08/30 | F245: 20000051 | G245: محمد رضا ذاکریان | H245: B2W | I245: موکت | J245: مترمربع | K245: 45 | L245: 0 | M245: Delivery | N245: =L245/500 -> 0 | P245: =K245/800 -> 0.05625
A246: 392 | B246: 583005552 | C246: 36442 | D246: 09122576077 | E246: 2026/09/02 | F246: 20000051 | G246: محمد رضا ذاکریان | H246: B2W | I246: موکت | J246: مترمربع | K246: 12 | L246: 0 | M246: Delivery | N246: =L246/500 -> 0 | P246: =K246/800 -> 0.015
A247: 393 | B247: 583005551 | C247: 36441 | D247: 09122576077 | E247: 2026/09/02 | F247: 20000051 | G247: محمد رضا ذاکریان | H247: B2W | I247: موکت | J247: مترمربع | K247: 24 | L247: 0 | M247: Delivery | N247: =L247/500 -> 0 | P247: =K247/800 -> 0.03
A248: 465 | B248: 583005735 | C248: 36693 | D248: 09122576077 | E248: 2026/09/05 | F248: 20000051 | G248: محمد رضا ذاکریان | H248: B2W | I248: موکت | J248: مترمربع | K248: 15 | L248: 0 | M248: Delivery | N248: =L248/500 -> 0 | P248: =K248/800 -> 0.01875
... A252: 872 | B252: 583006214 | C252: 37353 | D252: 09121760039 | E252: 2026/09/13 | F252: 20000055 | G252: محمد اسماعیل کریمی | H252: B2W | I252: موکت | J252: مترمربع | K252: 45 | L252: 0 | M252: Delivery | N252: =L252/500 -> 0 | P252: =K252/800 -> 0.05625
A253: 365 | B253: 583005487 | C253: 36349 | D253: 09111434182 | E253: 2026/09/01 | F253: 20000060 | G253: حسن فراسمی | H253: B2W | I253: SPC PACK | J253: Pack 1.77 8Ea | K253: 29 | L253: 51.33 | M253: Delivery | N253: =L253/500 -> 0.10266
A254: 981 | B254: 583006373 | C254: 37564 | D254: 09111434182 | E254: 2026/09/14 | F254: 20000060 | G254: حسن فراسمی | H254: B2W | I254: SPC PACK | J254: Pack 1.77 8Ea | K254: 42 | L254: 74.34 | M254: Delivery | N254: =L254/500 -> 0.14868
A255: 28 | B255: 583005040 | C255: 35734 | D255: 09111434182 | E255: 2026/08/23 | F255: 20000060 | G255: حسن فراسمی | H255: B2W | I255: موکت | J255: مترمربع | K255: 30 | L255: 0 | M255: Delivery | N255: =L255/500 -> 0 | P255: =K255/800 -> 0.0375
A256: 69 | B256: 583005100 | C256: 35820 | D256: 09111434182 | E256: 2026/08/24 | F256: 20000060 | G256: حسن فراسمی | H256: B2W | I256: موکت | J256: مترمربع | K256: 12 | L256: 0 | M256: Delivery | N256: =L256/500 -> 0 | P256: =K256/800 -> 0.015
A257: 93 | B257: 583005157 | C257: 35895 | D257: 09111434182 | E257: 2026/08/25 | F257: 20000060 | G257: حسن فراسمی | H257: B2W | I257: موکت | J257: مترمربع | K257: 24 | L257: 0 | M257: Delivery | N257: =L257/500 -> 0 | P257: =K257/800 -> 0.03
...

Sheet Report
B2: Customer/Vendor Code | C2: Customer/Vendor Name | H2: جمع پال
B3: 20000074 | C3: علیرضا الوانچی | D3: =SUMIFS(Data!N:N,Data!$F:$F,$B3) -> 0 | E3: =SUMIFS(Data!O:O,Data!$F:$F,$B3) -> 0 | F3: =SUMIFS(Data!P:P,Data!$F:$F,$B3) -> 178.26 | G3: =SUMIFS(Data!Q:Q,Data!$F:$F,$B3) -> 2.17272 | H3: =SUM(D3:G3) -> 180.43272
B4: 20000242 | C4: اهورا پود ماهان (مجتبی کریمی) | D4: =SUMIFS(Data!N:N,Data!$F:$F,$B4) -> 0 | E4: =SUMIFS(Data!O:O,Data!$F:$F,$B4) -> 0 | F4: =SUMIFS(Data!P:P,Data!$F:$F,$B4) -> 160.6875 | G4: =SUMIFS(Data!Q:Q,Data!$F:$F,$B4) -> 0 | H4: =SUM(D4:G4) -> 160.6875 | I4: Not Acceptable
B5: 20000010 | C5: فرادید رها(شهرام صلح میرزایی) | D5: =SUMIFS(Data!N:N,Data!$F:$F,$B5) -> 0.45924 | E5: =SUMIFS(Data!O:O,Data!$F:$F,$B5) -> 0 | F5: =SUMIFS(Data!P:P,Data!$F:$F,$B5) -> 73.3425 | G5: =SUMIFS(Data!Q:Q,Data!$F:$F,$B5) -> 0.81 | H5: =SUM(D5:G5) -> 74.61174
B6: 20000065 | C6: دنیای تجارت زیبا (بهروز اسدی اربابی) | D6: =SUMIFS(Data!N:N,Data!$F:$F,$B6) -> 5.15424 | E6: =SUMIFS(Data!O:O,Data!$F:$F,$B6) -> 21.36544 | F6: =SUMIFS(Data!P:P,Data!$F:$F,$B6) -> 43.53375 | G6: =SUMIFS(Data!Q:Q,Data!$F:$F,$B6) -> 0.12 | H6: =SUM(D6:G6) -> 70.17343
B7: 20000120 | C7: شهرام مقدم | D7: =SUMIFS(Data!N:N,Data!$F:$F,$B7) -> 2.89692 | E7: =SUMIFS(Data!O:O,Data!$F:$F,$B7) -> 0 | F7: =SUMIFS(Data!P:P,Data!$F:$F,$B7) -> 36.70125 | G7: =SUMIFS(Data!Q:Q,Data!$F:$F,$B7) -> 0.2388 | H7: =SUM(D7:G7) -> 39.83697
B8: 20001246 | C8: بهراد نجفی آقزیارت(براتعلی نجفی آقزیارت) | D8: =SUMIFS(Data!N:N,Data!$F:$F,$B8) -> 0 | E8: =SUMIFS(Data!O:O,Data!$F:$F,$B8) -> 0 | F8: =SUMIFS(Data!P:P,Data!$F:$F,$B8) -> 25.0575 | G8: =SUMIFS(Data!Q:Q,Data!$F:$F,$B8) -> 1.2 | H8: =SUM(D8:G8) -> 26.2575
B9: 20001301 | C9: آریا نخستین پارسه | D9: =SUMIFS(Data!N:N,Data!$F:$F,$B9) -> 0 | E9: =SUMIFS(Data!O:O,Data!$F:$F,$B9) -> 0 | F9: =SUMIFS(Data!P:P,Data!$F:$F,$B9) -> 23.31375 | G9: =SUMIFS(Data!Q:Q,Data!$F:$F,$B9) -> 0.72 | H9: =SUM(D9:G9) -> 24.03375
B10: 20000140 | C10: محسن خراسانی | D10: =SUMIFS(Data!N:N,Data!$F:$F,$B10) -> 0 | E10: =SUMIFS(Data!O:O,Data!$F:$F,$B10) -> 0 | F10: =SUMIFS(Data!P:P,Data!$F:$F,$B10) -> 18.51 | G10: =SUMIFS(Data!Q:Q,Data!$F:$F,$B10) -> 0.2796 | H10: =SUM(D10:G10) -> 18.7896
B11: 20000186 | C11: حمید امینی نجف آبادی | D11: =SUMIFS(Data!N:N,Data!$F:$F,$B11) -> 0.0795 | E11: =SUMIFS(Data!O:O,Data!$F:$F,$B11) -> 0 | F11: =SUMIFS(Data!P:P,Data!$F:$F,$B11) -> 16.3875 | G11: =SUMIFS(Data!Q:Q,Data!$F:$F,$B11) -> 0 | H11: =SUM(D11:G11) -> 16.467
B12: 20000150 | C12: عباس وطن خواه | D12: =SUMIFS(Data!N:N,Data!$F:$F,$B12) -> 0 | E12: =SUMIFS(Data!O:O,Data!$F:$F,$B12) -> 0 | F12: =SUMIFS(Data!P:P,Data!$F:$F,$B12) -> 14.8575 | G12: =SUMIFS(Data!Q:Q,Data!$F:$F,$B12) -> 0.096 | H12: =SUM(D12:G12) -> 14.9535
B13: 20000145 | C13: غلامرضا روایی(مصطفی روایی) | D13: =SUMIFS(Data!N:N,Data!$F:$F,$B13) -> 0 | E13: =SUMIFS(Data!O:O,Data!$F:$F,$B13) -> 0 | F13: =SUMIFS(Data!P:P,Data!$F:$F,$B13) -> 14.4225 | G13: =SUMIFS(Data!Q:Q,Data!$F:$F,$B13) -> 0 | H13: =SUM(D13:G13) -> 14.4225
B14: 20000237 | C14: محمد نصاری | D14: =SUMIFS(Data!N:N,Data!$F:$F,$B14) -> 0 | E14: =SUMIFS(Data!O:O,Data!$F:$F,$B14) -> 0 | F14: =SUMIFS(Data!P:P,Data!$F:$F,$B14) -> 12.76125 | G14: =SUMIFS(Data!Q:Q,Data!$F:$F,$B14) -> 0.84072 | H14: =SUM(D14:G14) -> 13.60197
B15: 20000045 | C15: مهدی اکبری نصیری | D15: =SUMIFS(Data!N:N,Data!$F:$F,$B15) -> 0 | E15: =SUMIFS(Data!O:O,Data!$F:$F,$B15) -> 0 | F15: =SUMIFS(Data!P:P,Data!$F:$F,$B15) -> 13.43625 | G15: =SUMIFS(Data!Q:Q,Data!$F:$F,$B15) -> 0 | H15: =SUM(D15:G15) -> 13.43625
B16: 20000231 | C16: اصغر صابر | D16: =SUMIFS(Data!N:N,Data!$F:$F,$B16) -> 0 | E16: =SUMIFS(Data!O:O,Data!$F:$F,$B16) -> 0 | F16: =SUMIFS(Data!P:P,Data!$F:$F,$B16) -> 11.6175 | G16: =SUMIFS(Data!Q:Q,Data!$F:$F,$B16) -> 0.24 | H16: =SUM(D16:G16) -> 11.8575
... B129: 20000146 | C129: رویا طراح داخلی | D129: =SUMIFS(Data!N:N,Data!$F:$F,$B129) -> 0.00708 | E129: =SUMIFS(Data!O:O,Data!$F:$F,$B129) -> 0 | F129: =SUMIFS(Data!P:P,Data!$F:$F,$B129) -> 0 | G129: =SUMIFS(Data!Q:Q,Data!$F:$F,$B129) -> 0 | H129: =SUM(D129:G129) -> 0.00708
